Code,Name,Description
AIKIDO,Aikido,Control for Aikido
DCF-4,Version Control System,"Optimized Payments uses a version control system to manage source code, change documentation and tracking, release labeling, and other change management tasks. Access to the version control system is restricted to authorized personnel."
DCF-5,Change Review Process,Changes are peer-reviewed and approved prior to deployment by an individual different from the developer to maintain segregation of duties. Review requirements are enforced through automated mechanisms such as branch protection settings in the production code repository.
DCF-6,Production Changes Restricted,Access to make changes in production environments is restricted to authorized personnel in accordance with segregation of duties principles and the company's documented policies and procedures.
DCF-7,Separate Environments,"Pre-production environments (e.g., development, testing, etc.) are separated from production environments and the separation is enforced with access controls."
DCF-8,External Communication Channels,"Optimized Payments provides external communication mechanisms for customers and third parties (e.g., communication features, support portal, external ticketing system, etc.) to report complaints, failures, bugs, incidents, vulnerabilities, requests for information, etc. Customer communications are responded to within defined SLAs."
DCF-9,Internal Communication Channels,"Internal communication channels are in place for employees to report failures, events, incidents, policy violations, concerns, and other issues to company management, including anonymous reporting channels if applicable."
DCF-10,Access Control Policy,Optimized Payments has developed and documented a policy that outlines requirements for access control.
DCF-11,Periodic Access Reviews,"Management performs user access reviews periodically (as defined by policy and compliance requirements) to validate user accounts, including third party or vendor accounts, and their associated privileges remain appropriate. The review includes validation of logical and physical access as necessary. Changes resulting from the review, if any, are documented and implemented."
DCF-12,Baseline Configuration and Hardening Standards,"Optimized Payments has identified and documented baseline security configuration standards for all system components in accordance with industry-accepted hardening standards or vendor recommendations. These standards are reviewed periodically and updated as needed (e.g., when vulnerabilities are identified) and verified to be in place before or immediately after a production system component is installed or modified (e.g., through infrastructure as code, configuration checklists, etc.)."
DCF-13,Information Security Policies,Optimized Payments has defined and documented an information security policy and other topic-specific policies as needed to support the functioning of internal control.
DCF-14,Organizational Chart,"An organizational chart is in place to describe the organizational structure and reporting lines. The chart is available to all employees (e.g., through the company's HRMS, intranets, etc.) and is updated upon changes to the organizational structure."
DCF-15,Risk Assessment Policy,"Optimized Payments has defined and documented a process for risk assessment and risk management that outlines the organization's approach for identifying risks and assigning risk owners, the risk acceptance criteria, and the approach for evaluating and treating risks based on the defined criteria."
DCF-16,Periodic Risk Assessment,"Optimized Payments conducts risks assessments periodically as required by company policy and compliance requirements. The risk assessment includes consideration of threats and vulnerabilities and an evaluation of the likelihood and impact for each risk. A risk owner is assigned to each risk, and every risk is assigned a risk treatment option. Results of the risk assessment are documented (e.g., in a risk register)."
DCF-17,Risk Treatment Plan,Optimized Payments's management has documented a risk treatment plan to formally manage risks identified in risk assessment activities.
DCF-18,Vulnerability Scans,Optimized Payments conducts vulnerability scans of the production environment as dictated by company policy and compliance requirements. Results are reviewed by company personnel and vulnerabilities are tracked to resolution in accordance with company policies.
DCF-19,Penetration Tests,An external penetration test of production environments is performed by an independent third party periodically or after any significant infrastructure or application changes. Results are reviewed by management and vulnerabilities are tracked to resolution in accordance with company policies.
DCF-20,Asset Inventory,"A centralized asset register is maintained for physical, cloud, and other assets that includes descriptive attributes for asset accountability such as owner, description, location, classification, and/or other information based on the type of asset. Processes are in place to maintain an updated inventory through manual reviews (e.g., as a result of new purchases, installations, removals, system changes, etc.) or automated mechanisms."
DCF-21,Architectural Diagram,A documented architectural diagram is in place to document system boundaries and support the functioning of internal control. The diagram is reviewed and approved by management at least annually and updated as necessary when there are changes to the environment.
DCF-22,Network Diagram,A documented network diagram is in place to document system boundaries and connections to external networks. The diagram is reviewed and approved by management at least annually and updated as necessary when there are changes to the environment.
DCF-25,Disaster Recovery Plan,"Optimized Payments has a documented disaster recovery plan that outlines roles, responsibilities and detailed procedures for recovery of systems in the event of a disaster scenario."
DCF-26,BCP/DR Tests,"Optimized Payments conducts tests of the business continuity/disaster recovery plans at least annually. Results and lessons learned are documented, and updates to the plans are made as necessary."
DCF-27,Cloud Resources Availability,"Business-critical cloud resources are deployed in accordance with high availability architecture principles (e.g., replicated across multiple availability zones or regions, configured for high-availability, etc.)."
DCF-28,Security Events Tracked and Evaluated,"Optimized Payments evaluates security events to determine if they constitute an incident. Incidents are assigned a priority, categorized, documented, tracked, escalated, contained, eradicated, communicated, and resolved in accordance with company policies and procedures."
DCF-29,Incident Response Team,"Optimized Payments has identified and documented roles and responsibilities for incident management (e.g., roles and responsibilities for invoking the incident management process, incident leads, incident handlers, communication coordinators, technical advisors, legal advisors, etc.)."
DCF-30,Incident Response Lessons Learned Documented,"Optimized Payments documents a post-mortem review for identified incidents that includes incident metadata, root-cause analysis, documentation of evidence, summary of containment, eradication, and recovery actions, timelines, incident metrics, evidence of internal and external communications, estimation of impact and scope, and lessons learned, as applicable, in accordance with company policies and procedures."
DCF-31,Software Development Policies,"Optimized Payments has developed policies and procedures governing the system development life cycle, including requirements, design, implementation, testing, and deployment."
DCF-32,Security Policies,"Company policies are accessible to all employees and, as applicable, third parties such as contractors. Personnel are required to acknowledge the information security policy and other topic-specific policies based on their job duties during onboarding and annually thereafter."
DCF-33,Periodic Policy Reviews,"Management reviews and approves company policies at least annually. Updates to the policies are made as deemed necessary (e.g., based on changes to business objectives,  legal or regulatory requirements, organizational risks, etc.)."
DCF-36,Periodic Security Training,"Optimized Payments has established training programs to help personnel gain awareness of information security best practices. Personnel (including employees and contractors as applicable) are required to complete the training during onboarding. Periodic refresher training is provided to personnel at least annually and as deemed necessary (e.g., upon changes in security requirements, policies, regulations, etc.)."
DCF-37,Acceptable Use Policy,Optimized Payments has a documented acceptable use policy that outlines requirements for personnel's usage of company assets.
DCF-38,Performance Evaluations,Management conducts periodic evaluations of performance against established goals and objectives for eligible personnel in accordance with company policies and procedures.
DCF-39,Background Checks,Background checks are conducted on eligible personnel (employees and third parties as deemed necessary by the organization) prior to hire as permitted by local laws.
DCF-41,Independent Board of Directors,The board of directors includes members independent from management who are not involved in control operations.
DCF-42,Defined Roles and Responsibilities,"Management has defined and documented roles and responsibilities for implementation and oversight of the risk management and compliance programs (e.g., security, privacy, AI, etc.)."
DCF-44,Code of Conduct,Optimized Payments maintains a documented code of conduct. Eligible personnel are required to acknowledge Optimized Payments's code of conduct during onboarding and annually thereafter.
DCF-45,Data Protection Policy,"Optimized Payments has a documented a policy that outlines the procedures and technical measures to be implemented at the organization to protect the confidentiality, integrity, and availability of data."
DCF-46,Formal Screening Process,"Management evaluates candidates for employment through a formal screening process. The process may include verification of academic and professional qualifications, identity verifications, validation of personal or professional references, technical interviews, or other steps as deemed applicable by the organization."
DCF-47,Job Descriptions,"Optimized Payments has documented job descriptions for each position at the company, which include roles and responsibilities as well as required qualifications, skills, and experience for the role."
DCF-48,Screen Lockout,Company-managed devices are configured to enforce a screensaver lock with after a defined period of inactivity in accordance with company policies and compliance requirements.
DCF-49,Password Manager,A password manager is installed on all company-managed devices.
DCF-50,Antimalware Software on Devices,Anti-malware software is installed on all company-managed devices.
DCF-51,Automated Updates on Devices,Automated operating system (OS) updates are enabled on company-managed devices to install security patches.
DCF-52,Hard-Disk Encryption,Hard-disk encryption is enabled on all company-managed devices.
DCF-54,Encryption at Rest,Data at rest is encrypted using strong cryptographic algorithms.
DCF-55,Encryption in Transit,Data in transit is encrypted using strong cryptographic algorithms.
DCF-56,Vendor Register and Agreements,"Optimized Payments maintains a vendor/third party register that includes a complete and accurate list of vendors/third parties, relationship owners, description for each of the services provided, risk ratings, results of vendor/third party risk management activities, etc. Optimized Payments executes agreements with vendors and service providers involved in accessing, processing, storing or managing information assets that outline the responsibilities of each vendor or service provider."
DCF-57,Vendor Compliance Monitoring,"Optimized Payments obtains and reviews compliance reports or other evidence for critical vendors and service providers at least annually to monitor the third parties' compliance with industry frameworks, regulations, standards (e.g., SOC 2, ISO, PCI DSS, etc.) and Optimized Payments's requirements. Results of the review and action items, if any, are documented."
DCF-59,Privileged Access Restricted,"Administrative or privileged access to systems, resources, and functions is restricted to authorized personnel."
DCF-60,Secure Password Storage,"Optimized Payments has implemented technical measures to protect stored user passwords for the system (e.g., encryption, hashing, salting, etc.)."
DCF-61,Customer Data Segregation,Optimized Payments has implemented segregation mechanisms so that customers cannot impact or access data or resources of other customers.
DCF-62,Session Termination,"Optimized Payments's systems automatically terminate a user's logical session based on predefined conditions (e.g., predefined periods of inactivity, closure of the system or internet browser, etc.)."
DCF-63,Terms of Service,Optimized Payments maintains a publicly available terms of service for use of the system. All users must agree to the terms of service prior to using the system.
DCF-64,Commitments Communicated to Customers,"Optimized Payments communicates service commitments and system requirements to customers and other external parties, as appropriate, through contracts, agreements, company website, etc. Optimized Payments provides notification to relevant parties of any changes to service commitments and system requirements."
DCF-65,Public Privacy Policy,Optimized Payments maintains a publicly available privacy policy/notice.
DCF-66,Master Service Agreements,Master service agreements outlining specific requirements are executed with enterprise customers or when the standard terms of service may not apply.
DCF-67,Multi-Factor Authentication,Authentication to systems requires the use of multi-factor authentication.
DCF-68,Password Policy and Configuration,Optimized Payments has a documented policy outlining the minimum requirements for passwords used for authentication to organizational systems. Password requirements are enforced for all systems in accordance with company policy.
DCF-69,Access Provisioning,"Access requests to information resources, including physical access and access to systems and data, are documented and approved by management based on least privilege, need to know, and segregation of duties principles."
DCF-70,Access Deprovisioning,"System and physical access is revoked within one business day of effective termination date for terminated users (including employees, third parties and vendors, and other personnel)."
DCF-71,Unique User IDs,Authentication to systems requires the use of unique identities.
DCF-72,Root Access Control,"Root password authentication to production resources (e.g., virtual machines, containers, etc.) is disabled and only allowed for under exceptional circumstances for a limited time duration based on documented business justification and approval from management."
DCF-73,Access to Remote Server Administration Ports Restricted,"Network security controls are in place to restrict public access to remote server administration ports (e.g., SSH, RDP) to authorized IP addresses or address ranges only."
DCF-74,Communication of System Changes,Optimized Payments communicates system changes via release notes or change log in the company's website or via periodic communications.
DCF-75,Restricted Public Access,Cloud resources are configured to deny public access.
DCF-76,Critical Change Management,Emergency changes or hot fixes implemented outside of the standard change management process are reviewed and approved by an authorized individual after implementation.
DCF-77,Data Backups,Backups of production data are performed at least daily and are configured to be retained in accordance with the retention periods established in company policies and procedures.
DCF-78,Storage Bucket Versioning,"Storage buckets that contain sensitive data have versioning enabled to preserve, retrieve, and restore versions of objects."
DCF-79,Logging System,Optimized Payments uses a centralized system that collects and stores logs of system activity and sends alerts to personnel based on pre-configured rules. Access to logs is restricted to authorized personnel.
DCF-85,Network Security Controls,Network security controls are in place to limit inbound and outbound traffic to the environment to only what is necessary based on business justification. All other traffic is specifically denied.
DCF-86,System Monitoring,Production systems and resources are monitored and automated alerts are sent out personnel based on pre-configured rules. Events are triaged to determine if they constitute an incident and escalated per policy if necessary.
DCF-87,Threat Detection System,"A threat detection system is in place to monitor web traffic and suspicious activity. When anomalous traffic activity is identified, alerts are automatically sent to personnel, investigated, and escalated through the incident management process, if necessary."
DCF-88,Web Application Firewall,A web application firewall is in place to protect public-facing web applications from outside threats.
DCF-90,Root Infrastructure Account Monitored,Access to the root account in the cloud infrastructure provider is monitored. Login activity for the root account is investigated and validated for appropriateness.
DCF-91,Intrusion Detection/Prevention System,An intrusion detection system (IDS)/intrusion prevention system (IPS) or equivalent is in place to detect real-time suspicious or anomalous network traffic that may be indicative of threat actor activity and is configured to alert personnel when a potential intrusion is detected.
DCF-92,Encrypted Remote Production Access,"Remote access to production systems is only available through an encrypted connection (e.g., encrypted virtual private network, SSH, etc.)"
DCF-94,Physical Security Policy,Optimized Payments has a documented policy that outlines requirements for physical security.
DCF-95,Monitoring Processing Capacity and Usage,Optimized Payments monitors processing capacity and use of resources continuously to manage demand and to enable the implementation of additional resources as necessary.
DCF-96,Load Balancer,Optimized Payments uses a load balancer to automatically distribute incoming traffic across multiple targets.
DCF-97,Autoscaling,Optimized Payments has enabled auto-scaling configurations to provision new cloud resources when predefined capacity thresholds are met.
DCF-99,Backup Monitoring,Automated notifications are sent to personnel in the event of a backup failure. Backup failures are investigated and resolved by engineering personnel following company policies and procedures.
DCF-100,Backup Restore Testing,Optimized Payments tests the integrity and recoverability of backed-up data at least annually.
DCF-101,Data Retention Policy,Optimized Payments has a documented and implemented a policy for data retention defining the types of data (including company and customer data) and the period of time for which they should be retained.
DCF-102,Data Classification Policy,Optimized Payments has established a data classification policy in order to identify the types of information stored or processed by the organization and the protection measures that are required for each.
DCF-103,Customer Data Deletion Upon Termination,Optimized Payments disposes of customer data upon termination of services in accordance with contractual agreements.
DCF-104,Test Data,Test data is used in testing and development environments to prevent sensitive information from being copied to non-production environments.
DCF-105,Personnel Non-Disclosure Agreements (NDA),"Personnel, including employees and contractors, are required to sign an agreement that outlines confidentiality requirements (e.g., non-disclosure agreements) prior to hire."
DCF-106,Clean Desk and Clear Screen Policies and Procedures,Optimized Payments has defined clear desk and clear screen policies and procedures to protect confidential data (physical and electronic) which are communicated to personnel and enforced across the organization.
DCF-107,Disposal of Sensitive Data on Paper,"When Optimized Payments disposes of hard copy materials, it does so through secure means such as cross-cut shredding, incinerating, or pulping, so that sensitive data cannot be reconstructed."
DCF-108,Secure Storage Mechanisms,"Optimized Payments uses secure storage mechanisms for digital media and hardcopy materials that contain sensitive data (e.g., locked codes, combination locks to offices, rooms and facilities such as key cabinets, etc.) as well as critical equipment and other assets. Access to the secured storage mechanisms (including access to physical keys and knowledge of authentication information) is restricted to authorized personnel."
DCF-109,Disposal of Sensitive Data on Hardware,"Optimized Payments disposes of data on hardware through secure means, such as wiping and hard drive destruction, in accordance with documented policies and procedures."
DCF-110,Acceptable Input Ranges,Optimized Payments's has implemented automated edit checks in the system to limit input to defined value ranges and formats.
DCF-111,Mandatory Fields,Automated application checks are in place that require mandatory fields to be complete before data entry is accepted.
DCF-112,Notice and Acknowledgement of Privacy Practices,Optimized Payments provides notice of its privacy practices to users prior to accessing the system. Users are required to explicitly acknowledge the privacy policy prior to entering information into the system.
DCF-115,Privacy Policy Content,"Optimized Payments's documented Privacy Policy includes information on:
- Purpose for collecting/processing personal information
- Lawful basis for collecting/processing personal information 
- Types of personal information collected or processed
- Choice and consent
- Methods of collection (for example, use of cookies or other tracking techniques)
- Use, retention, and disposal
- Data subject rights
- Use of subprocessors 
- Technical and organizational measures
- Quality, including data subjects' responsibilities for quality
- Monitoring and enforcement"
DCF-120,Periodic Review of Privacy Policy,"Optimized Payments's management reviews the online privacy policy and/or notice at least annually to validate its continued suitability and accuracy. The online privacy policy/notice includes the date it was last updated. Optimized Payments notifies customers of changes to the privacy notice and the nature of the changes, including when personal information will be used for new purposes not previously identified."
DCF-122,Requests for Deletion of PII,Optimized Payments complies with legitimate requests to delete PII from data subjects by permanently and completely erasing the personal information from its existing systems or de-identifying the personal information within the timelines established by regulatory requirements. Optimized Payments provides notification to subprocessors and contractors of the need to delete and informs the data subject whether it has complied with the consumer's request. Supporting documentation is retained.
DCF-123,Procedures for Information Disposal ,Optimized Payments has documented policies and procedures for erasure or destruction of information that has been identified for disposal.
DCF-126,Personal Information Accessible Through System Authentication,"Optimized Payments provides a mechanism for users to view, correct, and/or delete their personal information by authenticating into the system with a username and password and navigating to their profile settings."
DCF-127,Privacy Requirements Communicated to Third parties,"Optimized Payments's privacy policies or other specific instructions for handling personal information, including requirements and procedures to notify Optimized Payments of breaches or unauthorized disclosures, are communicated to third parties to whom personal information is disclosed."
DCF-130,Documentation of Breaches or Unauthorized Disclosures of PII,"Optimized Payments maintains documentation of any personal data breaches or unauthorized disclosures of PII including the facts relating to the personal data breach or disclosure, its effects and impact, and the remedial action taken."
DCF-132,Privacy and Security Requirements in Third-Party Agreements,"Optimized Payments shares information with vendors and third parties only when an executed agreement (e.g., service agreements, business associate agreements, data processing agreements, etc.) is in place that includes security, confidentiality, and privacy requirements for the transfer and processing of information."
DCF-135,Notification of Incidents or Breaches,"Optimized Payments provides communications about breaches and incidents to affected parties, organizational officials, authorities, and other internal and external stakeholders, in accordance with company policies and procedures and contractual and legal obligations."
DCF-136,Use of Subprocessors Communicated,"Optimized Payments communicates to customers any use of subprocessors to process PII (e.g., through a list of subprocessors in the company website or data processing agreement, etc.). Optimized Payments obtains authorization from customers for the use of subprocessors (e.g., through executed data processing agreements, accepting the terms in the website, etc.)."
DCF-140,Point of Contact for Privacy Inquiries,"Optimized Payments provides a contact mechanism for data subjects to submit privacy-related requests or report privacy incidents (e.g., email address, customer portal, etc.)."
DCF-141,Privacy Inquiries Tracked,"Optimized Payments maintains records of privacy rights requests in ticket or log format that includes the date of request, nature of request, manner in which the request was made, the date of the business's response, the nature of the response, and the basis for the denial of the request if the request is denied in whole or in part. Records are retained for a defined period in accordance with legal requirements."
DCF-144,Board Charter Documented,The company's board of directors has a documented charter that outlines its oversight responsibilities for internal control.
DCF-146,Board Meetings,"The company's board of directors, owners, senior leadership, or equivalent body, meets at least annually with management to review company performance, strategic objectives, compliance initiatives, and security and privacy risk and mitigation strategies. Meeting minutes, including decisions made and action items, are documented."
DCF-149,Removable Media Device Encryption,"Optimized Payments encrypts removable media devices, such as USB drives, digital video disks, compact disks, external or removable hard disks, etc., that contain sensitive data, to protect the confidentiality of the information during transport."
DCF-150,Data Loss Prevention (DLP) Mechanisms,"Optimized Payments has implemented data leakage prevention mechanisms to systems that could process, store or transmit sensitive information (e.g., sending personal information via email). These mechanisms are configured to prevent data leakage and generate audit logs and alerts."
DCF-152,Automated Security Updates,"Optimized Payments has implemented automated mechanisms (e.g., unattended upgrades, automated patching tools, etc.) to install security fixes to systems."
DCF-154,Incident Response Test,"Optimized Payments performs a test of all components of the incident response plan and procedures at least annually through different mechanisms (e.g., walk-through or tabletop exercises, simulations, etc.). The documented plan and procedures are updated if necessary based on the results of the test."
DCF-155,Testing of Changes,Changes are tested in an environment separate from production prior to deployment in accordance with the nature of the change. Documented evidence of testing criteria and testing results is retained.
DCF-156,Change Releases Approved,Change releases are approved by authorized personnel prior to deployment to production.
DCF-157,Cybersecurity Insurance,Optimized Payments maintains cybersecurity insurance to mitigate the financial impact of security incidents and business disruptions.
DCF-159,Incident Response Plan,"Optimized Payments has a documented an incident response plan that outlines roles, responsibilities, and procedures to document, analyze, categorize, and respond to incidents. The incident response plan reviewed periodically and updated as needed according to lessons learned from previous incidents and industry developments."
DCF-160,Continuous Control Monitoring,"Optimized Payments uses compliance automation software to identify, select, and continuously monitor internal controls."
DCF-161,Management System Scope,"Optimized Payments has documented the scope of its management system(s) that outlines the boundaries and applicability of the system(s) and considers internal and external issues, requirements of interested parties, and interfaces and dependencies with other organizations."
DCF-162,Statement of Applicability,"Optimized Payments has a documented statement of applicability, which defines the controls deemed necessary by the organization as a result of the risk assessment to implement the risk treatment plan."
DCF-163,Legal Requirements,"Optimized Payments has identified and documented the legal, statutory, regulatory and contractual requirements relevant to the organization. Optimized Payments has assigned responsibility and identified and implemented processes to satisfy these requirements and monitor and review changes."
DCF-164,Management System Management Review,"Optimized Payments's top management conducts reviews of its management system(s) at planned intervals to evaluate suitability, adequacy and effectiveness. Optimized Payments retains documentation of the results of management reviews."
DCF-165,Periodic Independent Assessments,"Optimized Payments conducts evaluations and assessments at planned intervals to ensure that internal controls are effectively implemented and maintained in conformance with the organization's requirements (e.g., internal audits). Optimized Payments retains documented information of the assessment program(s) and results."
DCF-166,Business Continuity Plan,Optimized Payments has a defined business continuity plan that outlines strategies for maintaining operations during a disruption.
DCF-167,Business Impact Analysis,"Optimized Payments performs a business impact analysis (BIA) periodically to identify criticality, business recovery order, and minimum service levels for key business processes and assets. Results of the business impact analysis are documented and incorporated into business continuity and disaster recovery plans."
DCF-168,Vendor Management Policy,Optimized Payments has a documented policy that outlines requirements for managing vendor and third-party relationships through their entire life cycle.
DCF-169,Backup Policy,"Optimized Payments has defined and documented a backup policy that establishes the requirements for backup information, software and systems."
DCF-170,Management System Objectives,"Optimized Payments has documented objectives for its management system(s) (e.g., security objectives, privacy objectives, AI objectives, etc.) and plans to achieve them."
DCF-171,Documented Operating Procedures,"Optimized Payments maintains documented procedures that describe how to perform activities including controls, methods, and processes to be followed to achieve the company's policies objectives and compliance activities. The procedures are reviewed and updated as needed to address changes in processes, technologies, and business objectives, or at least annually, and are available to all relevant parties."
DCF-173,Employment Terms & Conditions,"Personnel responsibilities for information security (including confidentiality, legal, and data handling requirements), including responsibilities that remain after employment, are communicated to and acknowledged by personnel (e.g., through employment contracts, etc.)"
DCF-175,Communications Plan,"Optimized Payments has documented communication plans that establishes procedures for internal and external communications relevant to its information security, privacy, or other programs."
DCF-176,Measurement and Monitoring Plan,Optimized Payments has defined performance and/or effectiveness measurements for its management system(s) and implemented procedures to monitor these measurements periodically as determined by the organization.
DCF-178,Record Management and Control,Optimized Payments implemented procedures for the control of documented information relevant for its management system(s).
DCF-179,Competence Records,"Optimized Payments has identified and documented skill and competence requirements for personnel that contribute to the development, implementation and oversight of its management system(s) and retains documented evidence of competence."
DCF-180,Secure Information Transfer,Optimized Payments has defined and documented policies and procedures for the secure transfer of information within the organization and with any external parties.
DCF-181,Encryption Policy,Optimized Payments has a documented policy that establishes requirements for the use of cryptographic controls.
DCF-182,Asset Management Policy,Optimized Payments has established and documented a policy that outlines requirements for the management and tracking of company assets.
DCF-183,Vulnerability Management Policy,"Optimized Payments has a defined policy that establishes requirements for vulnerability management across the organization, including monitoring, cataloging, and assigning risk ratings to vulnerabilities to prioritize remediation efforts."
DCF-184,Management System Plan,"Optimized Payments has a defined and documented a plan for the establishment, implementation, maintenance, and continuous improvement of its management systems(s)."
DCF-185,Threat Intelligence,"Optimized Payments has implemented mechanisms to collect threat information and produce threat intelligence (e.g., commercial cyber threat intelligence tools, security product/vendor intelligence feeds, open source feeds, etc.) in accordance with defined threat intelligence objectives."
DCF-186,Data De-identification,"Optimized Payments has implemented mechanisms for the de-identification of data that has been classified as sensitive (e.g., data masking, anonymization, pseudonymization, etc.)."
DCF-188,Communication with Advisories and Special Interest Groups,"Optimized Payments exchanges information with relevant security and privacy organizations, professional associations, and other specialist forums, including information on newly identified threats and vulnerabilities, new technologies, etc. (e.g., through bulletin subscriptions, email alerts from security advisories, participation in conferences, etc.)."
DCF-201,Network Security Controls Configuration Standards,"Optimized Payments has defined, documented and implemented configuration standards for network security controls, including configurations for firewalls, routers configured with access control lists, and cloud virtual networks. All services, protocols, and ports allowed are identified, documented, approved, and have a defined business need."
DCF-204,Dataflow Diagram,A dataflow diagram is maintained to show all account data flows across systems and networks. The diagram is reviewed and approved by management at least annually and updated as necessary when there are changes to the environment.
DCF-206,Network Security Controls Between Trusted and Untrusted Networks,Optimized Payments has implemented network security controls between trusted and untrusted networks to prevent unauthorized traffic from traversing network boundaries.
DCF-210,"Insecure Services, Protocols, and Ports Documentation and Control","Optimized Payments identifies all services, protocols, and ports in use considered to be in use. Optimized Payments identifies, documents and implements security features for each insecure service, protocol, or port in use, such that the risk is mitigated."
DCF-212,Network Security Controls Review,Optimized Payments performs a review of network security controls at least once every six months. Results of the review are documented and configurations identified as no longer being supported by a business justification are removed or updated.
DCF-215,Secured Configuration Files,"Configuration files for network security controls (including files, automated and system-based controls, scripts, settings, infrastructure as code, or other parameters used to configure and synchronize network security controls) are secured from unauthorized access and kept consistent with active network configurations."
DCF-216,Network Security Controls Restricting Wireless Network Traffic,Network security controls are implemented to deny all traffic from wireless networks into the environment by default and only allow wireless traffic with authorized business purpose.
DCF-218,Inbound Traffic Restricted Between Untrusted and Trusted Networks ,"Inbound traffic from untrusted networks is restricted to communications with system components that are authorized to provide publicly accessible services, protocols, and ports, and to stateful responses to communications initiated by system components in a trusted network. All other traffic is denied."
DCF-220,Anti-Spoofing Measures,Optimized Payments has implemented anti-spoofing measures to detect and block forged source IP addresses from entering the trusted network.
DCF-223,Sensitive Data Not Directly Accessible From Untrusted Networks ,Network security controls are in place such that system components storing sensitive data are not directly accessible from untrusted networks.
DCF-225,External Private IP Information Disclosure Restricted,"Optimized Payments has implemented mechanisms to restrict disclosure of internal IP addresses and routing information to only authorized parties (for example, network address translation (NAT), proxy servers, etc.)"
DCF-229,"Vendor Default Accounts Disabled, Removed or Changed","All vendor-supplied default accounts are either disabled or removed, or their default password is changed in accordance with the company's policy and compliance requirements."
DCF-231,Changes in Encryption Keys for Wireless Environments,"For wireless environments connected to the environment or transmitting account data, encryption keys are changed whenever personnel with knowledge of the key leave the company or change roles and whenever a key is suspected of or known to be compromised."
DCF-233,Wireless Network Vendor Defaults Changed,"For wireless environments connected to the environment or transmitting sensitive data, all wireless vendor defaults are changed at installation or are confirmed to be secure, including but not limited to default wireless encryption keys, passwords on wireless access points, simple network management protocol (SNMP) defaults, and any other security-related wireless vendor defaults."
DCF-239,One Primary Function per System Component ,"Optimized Payments has implemented technical measures so that primary functions with lower security needs cannot affect the security of primary functions with higher security needs on the same system component (for example, assigning one primary function per system component, isolating functions that exist within the same system component, or securing all functions within the same system component to the level required by the function with the highest security need)."
DCF-240,Only Necessary System Function Services Used,"Optimized Payments uses only necessary services, software programs, protocols, daemons, and functions in system components, and all unnecessary functionality (e.g., scripts, drivers, features, subsystems, file systems, interfaces, unused web servers, programs, etc.) is removed or disabled in accordance with documented configuration standards."
DCF-241,Documentation and Risk Mitigation for Insecure Services,"Optimized Payments has documented business justification and implemented additional security features for any required services, protocols, or daemons in use that are considered insecure so that the risk is mitigated."
DCF-244,System Security Parameters in Configuration Standards,Security parameters in organizational systems are configured in accordance with documented secure configuration standards.
DCF-249,Encrypted Non-Console Administrative Access,"All non-console administrative access is encrypted using strong cryptography, including includes administrative access via browser-based interfaces and application programming interfaces (APIs)."
DCF-253,Data Secure Disposal,"Optimized Payments disposes of data securely upon expiration of the established retention periods, when requested by customers, or when no longer needed for legal, regulatory, and/or business reasons."
DCF-255,Quarterly Cardholder Data Disposal Review,Optimized Payments verifies at least once every three months that stored account data exceeding the defined retention period has been securely deleted or rendered unrecoverable. Evidence of the verification is documented and retained.
DCF-257,Sensitive Authentication Data Storage,Optimized Payments has a documented business justification for the storage of sensitive authentication data.
DCF-258,Sensitive Authentication Data Secured,Optimized Payments encrypts sensitive authentication data (SAD) that is stored electronically prior to completion of authorization using strong cryptography.
DCF-259,Sensitive Authentication Data Deleted after Authorization Process,"If sensitive authentication data (SAD) is received, Optimized Payments deletes and renders the data unrecoverable upon completion of the authorization process."
DCF-260,Full Track Contents Not Retained,The full contents of any track are not retained upon completion of the authorization process.
DCF-261,Card Verification Code Not Retained,The card verification code is not retained upon completion of the authorization process.
DCF-262,PIN Not Retained,The personal identification number (PIN) and the PIN block are not retained upon completion of the authorization process.
DCF-263,PAN is Masked when Displayed,"Optimized Payments has implemented technical measures to mask primary account numbers (PANs) when displayed (on screen, paper receipts, etc.) such that only personnel with a legitimate business need can see more than the bank identification number (BIN) and last four digits of the PAN."
DCF-264,PAN Unreadable Where Stored,"Primary account numbers (PANs) are rendered unreadable anywhere they are stored, including primary storage (databases, or flat files such as text files spreadsheets) as well as non-primary storage (backup, audit logs, exception, or troubleshooting logs)."
DCF-265,Separate Encrypted File System Access Management,Disk encryption implementations are configured to require independent authentication and logical access controls for decryption to protect data in the event of physical loss of a disk.
DCF-267,Sensitive Data on Removable Media Encrypted,Sensitive data on removable storage media is encrypted wherever stored.
DCF-268,Cryptographic Architecture Description (Service Providers Only),"Optimized Payments maintains a documented description of the cryptographic architecture in place, including details of all algorithms, protocols, and keys used for the protection of stored account data, including key strength and expiry date, preventing the use of the same cryptographic keys in production and test environments, description of the key usage for each key, and inventory of any hardware security modules (HSMs), key management systems (KMS), and other secure cryptographic devices (SCDs) used for key management, including type and location of devices."
DCF-269,Restricted Cleartext Key Access,Optimized Payments restricts access to cleartext cryptographic key components to the fewest number of custodians necessary to reduce the risk of stored data being retrieved or rendered visible by unauthorized parties.
DCF-270,Key-Encrypting Keys Secured,Key-encrypting keys used are at least as strong as the data-encrypting keys they protect and are stored separately from data-encrypting keys.
DCF-271,Key Storage Locations Limited,Optimized Payments stores cryptographic keys in the fewest possible locations to minimize the potential for keys to be exposed to unauthorized parties.
DCF-272,Guidance for Shared Key Management,"Where Optimized Payments shares cryptographic keys with its customers for transmission or storage of account data, the company documents and distributes guidance on secure transmission, storage and updating of such keys to those customers."
DCF-273,Strong Key Generation Policies and Procedures,"Key-management policies and procedures are documented and implemented including: generation of strong cryptographic keys, secure distribution, and secure storage of cryptographic keys used to protect sensitive data."
DCF-276,Key Changes for Retired Keys,A defined cryptoperiod for each key type in use as defined by the associated application vendor or key owner is documented. Optimized Payments changes encryption keys when they reach the end of their cryptoperiod in accordance with documented policies and procedures.
DCF-278,Key Retirement Policies and Procedures,"Optimized Payments retires, replaces or destructs cryptographic keys that are no longer used or needed or when the key expires, the integrity of the key has been weakened, or the key is known or suspected to be compromised, in accordance with documented company policies and procedures. Retired or replaced keys are not used for encryption operations."
DCF-280,Split Knowledge and Dual Control of Keys,Split knowledge and dual control are used to manage operations where manual cleartext cryptographic key management is performed in accordance with documented company policies and procedures.
DCF-281,Prevention of Unauthorized Key Substitution,Key management policies and procedures are documented and implemented to include the prevention of unauthorized substitution of cryptographic keys.
DCF-282,Formal Acknowledgment of Key Custodial Responsibilities,Optimized Payments requires cryptographic key custodians to formally acknowledge that they understand and accept their key-custodian responsibilities in accordance with documented company policies and procedures.
DCF-284,Key and Certificate Validation,Optimized Payments has implemented security mechanisms so that only trusted keys and/or certificates are accepted during transmission of sensitive data that are confirmed valid and not expired or revoked.
DCF-285,Insecure Versions or Configurations Not Supported,"Security protocols in use for transmission of sensitive data support only secure versions or configurations and do not support fallback to, or use of insecure versions, algorithms, key sizes, or implementations."
DCF-288,Strong Encryption for Wireless Network Transmission,Wireless networks transmitting sensitive data or connected to the environment use strong protocols for authentication and encryption of data transmissions.
DCF-289,Sensitive Data Secured in Transmission via End-User Messaging Technologies,"Optimized Payments encrypts sensitive data with strong cryptography when transmitted via e-mail, instant messaging, SMS, chat or other end-user messaging technologies."
DCF-291,Anti-Malware on All System Components,"An anti-malware solution is deployed on all system components, except for those system components identified through periodic risk assessments that concludes the system components are not at risk from malware."
DCF-292,Periodic Evaluation of Malware Threats,Optimized Payments maintains a documented list of all system components evaluated as not at risk for malware that are not subjected to anti-malware controls. Optimized Payments performs periodic evaluations to identify and assess evolving malware threats for those system components and to confirm whether such system components continue to not require anti-malware protection. Results of the periodic evaluation are documented.
DCF-293,Anti-Malware Capabilities and Automatic Updates,"The deployed anti-malware solution is kept current via automatic updates and configured to detect all known types of malware and to remove, block, or contain all known types of malware."
DCF-294,Anti-Malware Tools Behavior,"The implemented anti-malware solutions are configured to perform periodic scans and active/real-time scans (e.g., scanning files from external sources as they are downloaded, opened, or executed) or to perform continuous behavioral analysis of systems or processes."
DCF-296,Access to Anti-Virus Configuration,Optimized Payments restricts access to disable or alter anti-malware mechanisms to authorized personnel based on documented approval by management on a case-by-case basis for a limited time period.
DCF-297,Patch Management,Optimized Payments has implemented a formal patch management process where critical patches/updates (as identified per the entity's vulnerability risk analysis) are installed within one month of release. All other applicable security patches/updates are installed within the timeframe established by the entity per the risk analysis and company policies and procedures.
DCF-304,Test Data Removed before System Activation,Test data and test accounts are removed from system components before the system goes into production.
DCF-305,Production Components Change Control Procedures ,"Changes to all system components in the production environment (including software, code, infrastructure, network, configuration changes, etc.) are made according to established procedures that include documentation (change description, justification, evaluation of security requirements and impact, approval by authorized parties, rollback procedures, etc.) and testing (including acceptance and security impact testing)."
DCF-310,PCI Requirements Validation Upon Changes,"Optimized Payments verifies all system components after a change to validate they are compliant with the applicable PCI DSS requirements. Record of the validation is documented and retained, and updates to PCI DSS requirements documentation are made as applicable based on the nature of the change."
DCF-312,Secure Code Development Training,"Developers are required to complete secure code development training at least once every 12 months, including training on software security relevant to their job function and development languages, secure software design and secure coding techniques, and how to use tools for detecting vulnerabilities in software if these are used in the organization."
DCF-324,Public-Facing Web Application Vulnerability Assessment,"Optimized Payments evaluates public-facing web applications via manual or automated application vulnerability security assessment tools at least once every 12 months and after significant changes. Vulnerabilities identified, if any, are risk-ranked and corrected, and the application is re-evaluated after the corrections."
DCF-326,Need-to-Know Principle,Optimized Payments restricts access to system components and data to only those individuals whose job requires such access.
DCF-329,Access Control System,"For all system components, access is managed via an access control system. The access control system(s) is configured to enforce permissions assigned to individuals, applications, and systems based on job classification and function and is set to “deny all” by default."
DCF-335,Inactive User Accounts Removed,Optimized Payments removes or disables inactive accounts within 90 days of inactivity.
DCF-336,Third Party Remote Access Monitored,"Accounts used by third parties to access, support, or maintain system components via remote access are enabled during the time period needed based on documented authorization by management and disabled when not in use. Third-party remote access is monitored by company personnel for unexpected activity."
DCF-339,Account Lockout after Failed Logins,Invalid authentication attempts are limited by locking out the user ID after not more than 10 failed attempts.
DCF-340,Lockout Duration,"Optimized Payments has configured account lockout duration following a set number of invalid authentication attempts to a minimum of 30 minutes or until the identity of the user is confirmed (for example, by a system administrator)."
DCF-343,Strong Encryption of Authentication Credentials During Transmission and Storage,"Strong cryptographic protocols are used to render all authentication credentials (e.g.,passwords, passphrases, etc.) unreadable during transmission and storage on all system components."
DCF-345,User Identity Verification Before Modifying Authentication,"User identity is verified before allowing changes to any authentication factor (for example, performing password resets, provisioning new tokens, or generating new keys). Verification is done through secret question/answers, knowledge-based information, or other mechanisms."
DCF-346,Minimum Strong Password Requirements,"Minimum password requirements are enforced on system components including a minimum length of 12 characters (or if the system does not support 12 characters, a minimum length of eight characters) and complexity requirements to include both numbers and letters."
DCF-348,Periodic Password Change for In-Scope Components Not In the CDE,"For in-scope components that are not in the cardholder data environment (CDE) where passwords/passphrases are used as the only authentication factor, credentials are required to be changed at least once every 90 days. Alternatively, technical measures are implemented to dynamically analyze the security posture of accounts, and real-time access to resources is automatically determined accordingly."
DCF-349,Guidance Provided to Customers for Password Changes,"Where customer user access to cardholder data is achieved only through passwords/passphrases (i.e., single factor authentication), Optimized Payments provides guidance to customer users as to how frequently, and under what circumstances, they should change their passwords."
DCF-350,Password History Enforcement,System configuration settings are in place to prevent password reuse in accordance with company policy and compliance requirements.
DCF-352,Unique First-time Passwords With One-Time Use,Passwords are set to a unique value for first-time use and upon reset. Temporary initial passwords are forced to be changed immediately after the first use.
DCF-354,MFA for Non-Console Admin Access,Multi-factor authentication (MFA) is required for all non-console access into the environment for personnel with administrative access.
DCF-355,MFA for Remote Access,"All remote access to the entity's network and systems (including that of users, administrators, and external access from third parties or vendors including access for maintenance sessions) requires multi-factor authentication."
DCF-356,Communication of Authentication Best Practices,"Optimized Payments has documented policies and procedures for authentication that are communicated to all personnel. These documents include guidance on selecting strong authentication factors, guidance on protecting authentication credentials, instructions not to reuse previously used credentials, instructions to change authentication credentials in the event of known or suspected compromise along with guidance on how to report the incident, etc."
DCF-358,Unique Authentication Credential for Service Providers with Remote Access,Optimized Payments's authentication factors and credentials used to access customer environments remotely are unique for each customer.
DCF-360,Direct Query Access Restricted,"Direct query access to cardholder data repositories is restricted via applications or other programmatic methods (e.g., stored procedures) with access and allowed actions based on user roles and least privileges, unless performed by an authorized administrator."
DCF-363,Entry Controls in Place,"Entry controls (e.g., badge access systems, biometrics readers, monitored reception areas or front desks, etc.) are in place to restrict physical access to corporate facilities, including systems or areas that may process or store sensitive data, to authorized personnel, and to log and monitor such access."
DCF-365,Secure Physical Access Control Mechanisms,"Optimized Payments physical surveillance mechanisms (e.g., video monitoring systems, sensors and detectors) are in place to deter and detect unauthorized physical access and are protected from tampering or disabling."
DCF-366,Physical Access Control Mechanism Periodic Data Review,"Data collected from video cameras and/or access control mechanisms are reviewed and correlated with other entries (e.g., access logs) on a periodic basis and as needed (e.g., upon suspicious physical security activity)."
DCF-367,Physical Access Control Mechanism Data Retention,Data collected from video cameras and/or access control mechanisms is stored for at least three months unless otherwise restricted by law.
DCF-368,Restricted Physical Access to Publicly Accessible Network Jacks,Optimized Payments has implemented physical and/or logical controls to restrict access to publicly accessible network jacks.
DCF-369,Restricted Physical Access to Network Components,"Optimized Payments restricts physical access to wireless access points, gateways, networking/communications hardware, and telecommunication lines within the company facilities."
DCF-372,Restricted Access to Badge System,Optimized Payments restricts access to the identification or badge system to authorized personnel based on need-to-know principles.
DCF-374,Visitors Authorized and Escorted,"Visitors are authorized before entering, and escorted at all times within company facilities including areas where sensitive data may be processed or stored."
DCF-375,Personnel and Visitor Badges,Optimized Payments personnel are required to wear a badge or other form of identification within company facilities. Optimized Payments provides visitors with a badge or other form of identification that visibly distinguishes visitors from onsite personnel.
DCF-377,Visitor Badge Control,Visitor badges or identification are surrendered or deactivated before visitors leave the facility or at the date of expiration.
DCF-378,Visitor Log,"Optimized Payments maintains visitor logs to keep an audit trail of visitor activity to the company facilities, computer rooms, or data centers where sensitive data may be stored or transmitted."
DCF-379,Visitor Log Inclusions,"Optimized Payments' visitor log includes, at a minimum, the visitor's name and the organization represented, the date and time of the visit, and the name of the personnel authorizing physical access."
DCF-380,Visitor Log Retention,"Optimized Payments retains visitor logs for a minimum of three months, unless otherwise restricted by law."
DCF-381,Media Physically Secured,Media with sensitive data is physically secured to prevent unauthorized persons from gaining access to it.
DCF-382,Security of Offline Media Backup Storage,"Optimized Payments stores offline media backups in a secure location (e.g., off-site facility, commercial storage facility, etc.) with security measures to protect the confidentiality of the information. The security of the location is reviewed at least once every 12 month through inspection of the facilities. Results of the review are documented."
DCF-384,Media Classification,All media with sensitive data is classified in accordance with the nature of the data and the company's data classification policy.
DCF-385,Media Transported Securely,"Media with sensitive data transported within or outside the company's facilities is logged, securely transported (e.g., via secure courier or other trackable method), and captured within tracking logs to include details about media location, responsible party, etc."
DCF-386,Management Approval for Media Transport,"Management approves all assets (including media with sensitive data) that are moved within or outside the facility, including when the assets are distributed to individuals. Documentation of management's approval for the movement of assets is retained."
DCF-388,Media Inventory Logs,Optimized Payments maintains documented inventory all electronic media with sensitive data. A verification of the inventory is conducted at least once every 12 months in accordance with company procedures.
DCF-390,Media Destruction  ,Electronic media is destroyed or sensitive data is rendered unrecoverable so that it cannot be reconstructed when no longer needed for business or legal reasons.
DCF-391,Media Destruction Policies and Procedures,Optimized Payments has policies and procedures for the destruction of electronic media when no longer needed for business or legal reasons.
DCF-397,Payment Card Capture Devices Periodic Inspection,Optimized Payments performs periodic inspections of point of interaction (POI) device surfaces to detect tampering and unauthorized substitution in accordance with documented company policies and procedures.
DCF-404,Training Material for Payment Card Capture Device Tampering Awareness,"Optimized Payments provides periodic training for personnel in point-of-interaction (POI) environments to be aware of attempted tampering or replacement of POI devices including: verifying the identity of any third-party persons claiming to be repair or maintenance personnel prior to granting them access to modify or troubleshoot devices; procedures to ensure devices are not installed, replaced, or returned without verification; being aware of suspicious behavior around devices, and reporting suspicious behavior and indications of device tampering or substitution to appropriate personnel."
DCF-406,Audit Logging,Audit logs are enabled and active for all system components and sensitive data in accordance with company policies.
DCF-407,Audit Logs Data Points,"Optimized Payments has configured audit logs to contain user or identity, type of event, date and time, success and failure indication, origination of event, affected data, and system component, resource, or service."
DCF-408,Audit Trail for Individual User Access to Cardholder Data,Automated audit trails or logs are implemented for all system components to capture all access to cardholder data.
DCF-409,Audit Trail for Privileged Access,"Automated audit trails or logs are implemented for all system components to capture all actions taken by any identities with administrative access, including execution of privileged functions and any interactive use of application or system accounts."
DCF-410,Audit Trail Access Logging,Automated audit trails or logs are implemented for all system components to capture all access to audit logs.
DCF-411,Audit Trail for Invalid Access Attempts,Automated audit trails or logs are implemented for all system components to capture all invalid access attempts.
DCF-412,Audit Trail for Identification and Authentication Mechanism Changes,"Automated audit trails or logs are implemented to capture all changes to identification and authentication credentials (e.g., creation of new accounts, elevation of privileges, changes, additions, or deletions to accounts with administrative access, etc.)."
DCF-413,Audit Trail of Changes to Audit Logs,"Automated audit trails or logs are implemented for all system components to capture initialization of new audit logs and all starting, stopping, or pausing of the existing audit logs."
DCF-414,Audit Trail of System-Level Object Changes,Automated audit trails or logs are implemented for all system components to capture all creation and deletion of system-level objects.
DCF-421,Clock Synchronization,Optimized Payments synchronizes all critical system clocks and times using time-synchronization technology such as Network Time Protocol (NTP).
DCF-422,Time-related System Parameters,Systems are configured so that one or more designated central time servers are in use and receiving time from industry-accepted external sources based on International Atomic Time or Coordinated Universal Time (UTC).
DCF-423,Time Server Peering,"Where there is more than one designated time server, the time servers peer with one another to keep accurate time."
DCF-424,System Time Source,Internal systems receive time information only from designated central time server or servers.
DCF-425,Need-to-Know Access to Time Data,Access to modify time synchronization configurations or system time is restricted to authorized system administrators or personnel with a business need.
DCF-426,"Time Settings Changes Logged, Monitored, Reviewed","Any changes to time synchronization configurations or system time on critical systems are logged, monitored, and reviewed in accordance with company policies and procedures."
DCF-429,Limited Access to Audit Trails,Access to audit log files and associated configurations is limited to those with a job-related need as authorized by management.
DCF-430,Audit Trail Files Protected,"Audit log files are protected to prevent modifications by individuals (e.g., via access control mechanisms, physical segregation, network segregation, etc.)"
DCF-431,Audit Trail Files Backed Up,"Audit log files, including those for external facing technologies, are promptly backed up to a secure, central, internal log server(s) or other media that is difficult to modify."
DCF-434,Policies and Procedures for Logging,"Optimized Payments has documented policies and procedures for logging and monitoring that describe the events the organization must log and monitor, the general systems and system components that should be monitored, the specific information that must be captured in logs, the configuration of specific elements of the logging infrastructure, etc. The identified logged/monitored events are reviewed and updated periodically in accordance with company requirements."
DCF-435,Critical System Logs Reviewed Daily,"Optimized Payments performs reviews of the following critical audit logs at least daily (e.g., through the use of alerting mechanisms): all security events, logs of all system components that store, process, or transmit CHD and/or SAD, logs of all critical system components, and logs of all servers and system components that perform security functions."
DCF-437,Periodic Review of Non-Critical Logs,"Optimized Payments performs reviews of non-critical system logs periodically based on the organization's policies and risk management strategy, as determined by a risk assessment."
DCF-438,Follow-up Procedures on Log Review Anomalies and Exceptions,"Exceptions and anomalies identified during the periodic log-review process are investigated, escalated, and resolved in accordance with the company's documented policies and procedures."
DCF-441,Audit Log Retention Period,"Optimized Payments retains audit log history and historical records of activity for at least 12 months, with at least the most recent three months immediately available for analysis."
DCF-444,Critical Security Control System Failure Alert,"Optimized Payments has implemented alerting mechanisms to notify personnel of failures of critical security control systems (including network security controls, IDS/IPS, change-detection mechanisms, anti-malware solutions, physical access controls, logical access controls, audit logging mechanisms, segmentation controls, audit log review mechanisms, automated security testing tools, etc.). Failures of critical security control systems are evaluated as a security event and investigated in accordance with company policies and procedures."
DCF-445,Critical Security Control System Failure Response,"Failures of any critical security controls systems are addressed promptly based on the nature of the failure and monitoring of security controls is resumed. Documentation is maintained to include identification of the issue, start time and end time, root cause and required remediation, identification of any security issues that arose during the failure along with associated response, identification of follow-up actions are required as a result of the security failure, and implemented controls to prevent the cause of failure from reoccurring."
DCF-448,Wireless Access Point Detection and Identification,"Optimized Payments conducts tests (either through manual verification or automated mechanisms) to identify the presence of authorized and unauthorized wireless (Wi-Fi) access points periodically per policy and compliance requirements. If automated monitoring is used, personnel are notified via generated alerts. Results are documented."
DCF-452,Inventory of Authorized Wireless Access Points,Optimized Payments maintains a documented inventory of authorized wireless access points including business justification.
DCF-454,Actions Against Unauthorized Wireless Access Points,Optimized Payments executes an incident response process in the event unauthorized wireless access points are detected in accordance with the company's documented policies and procedures.
DCF-455,Internal Vulnerability Scans (PCI),Optimized Payments conducts internal vulnerability scans at least once every three months or upon significant changes to network or systems. The scan tool is kept up to date with latest vulnerability information.
DCF-456,Vulnerabilities Identified and Resolved,All critical or high vulnerabilities identified are addressed immediately and a subsequent scan is performed to validate resolution. All other applicable vulnerabilities are addressed based on the company's evaluation of risk per documented policies and procedures and rescans are conducted as needed to confirm resolution.
DCF-458,Quarterly External Vulnerability Scans (PCI) ,External vulnerability scans are performed at least once every three months by a PCI SSC Approved Scanning Vendor (ASV). Vulnerabilities are resolved and ASV Program Guide requirements for a passing scan are met. Rescans are performed as needed to confirm that vulnerabilities are resolved.
DCF-461,External Vulnerability Scans After Significant Change,External vulnerability scans are performed after any significant change in the environment by qualified personnel on all system components affected by the change. Organizational independence of the tester is maintained. Vulnerabilities that are scored 4.0 or higher by the CVSS are resolved and rescans are conducted as needed to validate corrections.
DCF-463,Internal Vulnerability Scans by Competent and Independent Party,Optimized Payments assigns a qualified internal resource(s) or qualified external third party to perform internal vulnerability scans. Organizational independence of the tester exists to maintain segregation of duties in the process.
DCF-464,Penetration Testing Methodology,"Optimized Payments has defined and documented a penetration testing methodology for the organization. The methodology includes industry-accepted penetration testing approaches, coverage for the entire CDE perimeter and critical systems, testing from both inside and outside the network, testing to validate any segmentation and scope reduction controls, application-layer penetration testing, network layer penetration tests, review and consideration of threats and vulnerabilities experienced in the last 12 months, documented approach to assessing and addressing the risk posed by exploitable vulnerabilities and security weaknesses found during penetration testing, and retention of penetration testing results and remediation activities results for at least 12 months."
DCF-465,External Penetration Testing Requirements,Optimized Payments conducts external penetration tests at least once every 12 months or after any significant infrastructure or application upgrade or change per the company's defined methodology. Testing is performed by a qualified internal resource or qualified external third party and organizational independence of the tester is maintained.
DCF-467,Internal Penetration Testing Requirements,Optimized Payments conducts internal penetration tests at least once every 12 months and after any significant infrastructure or application upgrade or change per the company's defined methodology. Testing is performed by a qualified internal resource or qualified external third-party and organizational independence of the tester is maintained.
DCF-469,Resolving Vulnerabilities from Penetration Testing,Optimized Payments corrects exploitable vulnerabilities and security weaknesses found during penetration testing based on the assessment of the risk posed by the security issue and in accordance with company policies and procedures. Penetration testing is repeated to verify the corrections.
DCF-470,Periodic Penetration Testing on Segmentation Controls,"Where segmentation is used to isolate the CDE from other networks, Optimized Payments conducts penetration periodically and after any changes to segmentation controls/methods to validate segmentation and isolation mechanisms are operational and effective. Testing covers all methods in use per the company's defined methodology and is performed by a qualified internal resource or qualified external third party with organizational independence of the tester."
DCF-473,Periodic Segmentation Control Penetration Testing,"For mutitenant service providers, a penetration test is performed at least every six months to validate the effectiveness of logical separation controls used to separate customer environments."
DCF-477,IDS/IPS Up to Date,"Intrusion-detection and/or intrusion-prevention techniques are configured to keep all engines, baselines, and signatures up to date."
DCF-478,Change Detection Mechanism,"Optimized Payments has enabled file integrity monitoring or a change-detection mechanism to detect unauthorized modification (including changes, additions, and deletions) of critical system files, configuration files, audit files, or content files to ensure critical data cannot be changed without generating alerts."
DCF-479,Periodic Critical File Comparisons,Optimized Payments file integrity monitoring or change-detection mechanism perform critical file comparisons at least once weekly.
DCF-482,Acceptable Use Policy for End-User Technologies,"Optimized Payments has documented and implemented acceptable use policies for end-user technologies (e.g., remote access and wireless technologies, laptops, tablets, mobile phones, removable electronic media, email usage, internet, etc.), which include explicit approval by authorized parties, acceptable uses of the technology, and list of products approved by the company for employee use, including hardware and software."
DCF-493,PCI DSS Compliance Program Charter,"Optimized Payments's executive management has defined a charter for the PCI DSS compliance program. The charter assigns responsibility within executive management for the protection of cardholder data and overall accountability for maintaining PCI DSS compliance, and establishes communication requirements to provide executive management and board of directors updates regarding PCI DSS compliance activities at least once every 12 months."
DCF-496,Designated Information Security Official,Optimized Payments has formally assigned and documented the responsibility for information security to a Chief Security Officer or other security-knowledgeable member of management
DCF-499,Incident Response Plan (PCI) ,"Optimized Payments's incident response plan includes roles, responsibilities, and communication and contact strategies in the event of a suspected or confirmed security incident (including notification of payment brands and acquirers), incident response procedures with specific containment and mitigation activities for different types of incidents, business recovery and continuity procedures, data backup processes, analysis of legal requirements for reporting compromises, coverage and responses of all critical system components, and reference or inclusion of incident response procedures from the payment brands."
DCF-503,Multiple Methods for Security Awareness,"Optimized Payments's security awareness program includes multiple methods of communicating awareness and educating personnel, such as newsletters, web-based training, in-person training, team meetings, phishing simulations, etc. Periodic security updates are provided to personnel through these multiple methods of communication."
DCF-504,Cardholder Data Security Awareness Training  ,"Security awareness training materials include information Optimized Payments's security policy, phishing and related attacks, social engineering, awareness about the acceptable use of end-user technologies, and personnel's role in protecting cardholder data."
DCF-507,Vendor Due Diligence,"Optimized Payments performs due diligence activities prior to engaging with a new service provider or vendor (e.g., review of security questionnaires and compliance reports, review of vendor-provided policies, procedures, or other documents, analysis of delegated or shared responsibilities with the prospective vendor, etc.). Results of the due diligence activities including action items are documented."
DCF-509,Documented PCI DSS Responsibilities of Service Providers,"Optimized Payments maintains documented information about which PCI DSS requirements are managed by each service provider, which are managed by the entity, and any shared responsibilities between service providers and the entity."
DCF-510,Service Providers Acknowledge Security Responsibilities,"Optimized Payments acknowledges in writing to customers through contracts, service agreements, or other means, that Optimized Payments will be responsible for the security of account data it possesses or otherwise stores, processes, or transmits on behalf of its customers, or to the extent that the company could impact the security of the customer's CDE."
DCF-516,Incident Response Training,"Optimized Payments provides incident response training to personnel consistent with their assigned roles and responsibilities (e.g., incident identification and reporting for all personnel vs. incident handling for incident response team members, etc.). Personnel complete training within the timelines established in policies and procedures upon receiving system access or assuming an incident response role or responsibility, when required by system changes, and at periodic intervals."
DCF-517,Monitoring Procedures for System Alerts,"Optimized Payments's security incident response plan includes procedures for monitoring and responding to alerts from security monitoring systems including intrusion-detection and intrusion-prevention systems, network security controls, change-detection mechanisms for critical files, the change-and tamper-detection mechanism for payment pages, detection of unauthorized wireless access points, etc."
DCF-519,PCI DSS Compliance Periodic Reviews,"Management performs reviews at least once every three months to confirm that personnel are performing their tasks in accordance with all security policies and operational procedures. Reviews are performed with segregation of duties and include the following tasks: daily log reviews, configuration reviews for network security controls, applying configuration standards to new systems, responding to security alerts, and change-management processes. Results of the reviews are documented and retained."
DCF-521,PCI DSS Compliance Periodic Reviews Documentation,Management documents the results of the reviews performed by management to confirm that personnel are performing their tasks in accordance with all security policies and operational procedures. The documentation includes remediation actions taken for any tasks that were found to not be performed and sign-off of results by personnel assigned responsibility for the PCI DSS compliance program.
DCF-522,Anti-Malware Scans of Media,"The implemented anti-malware solutions are configured to perform automatic scans or continuous behavioral analysis of systems or processes when removable electronic media is inserted, connected, or logically mounted within the environment."
DCF-523,Inventory of Trusted Keys and Certificates to Protect PAN During Transmission,"Optimized Payments maintains an inventory of the entity's trusted keys and certificates used to protect primary account numbers (PANs) during transmission. For certificates, the inventory includes the issuing certificate authority and expiration date."
DCF-524,Periodic Review of Application and System Accounts,"Management performs a review of application and system accounts and their associated privileges periodically (per policy and compliance requirements) to ensure access remains appropriate for the function being performed. Changes resulting from the review, if any, are documented and implemented."
DCF-525,Technical Controls to Prevent Copy/Relocation of PAN,"Optimized Payments has implemented technical controls to prevent copy and/or relocation of primary account numbers (PAN) (e.g., using local hard drives, removable storage media, etc.) when personnel use remote-access technologies, except where documented authorization and a legitimate business need exists."
DCF-527,Designated Data Protection Officer,"Optimized Payments has appointed and documented responsibilities of an individual (e.g., data protection officer) responsible for developing, implementing, maintaining and monitoring an organization-wide governance and privacy program and acting as a point of contact to authorities and data subjects to ensure compliance with all applicable laws and regulations regarding the processing of PII."
DCF-529,Data Subject Consent,Optimized Payments has documented and implemented a process to obtain consent from data subjects prior to collecting PII. The organization obtains and records consent from data subjects according to the documented process.
DCF-531,Notification of Disclosures to Third Parties,"Optimized Payments documents and maintains a record of authorized disclosures of PII to third parties (including what PII has been disclosed, to whom and when). Optimized Payments also notifies customers of any legally binding requests for disclosure of PII, unless prohibited by law."
DCF-536,Record of Processing Activity (ROPA),"Optimized Payments has established and documented records of processing activity (ROPA), which includes descriptions of the of lawful collection and use of PII as well as the specific purposes for which PII is processed."
DCF-537,Data Processing Agreements,Optimized Payments has data processing agreements (DPAs) in place with sub-processors that include the minimum technical and organizational measures that the third parties need to implement to meet the objectives of Optimized Payments's privacy program.
DCF-540,Timely Response to Data Subject Requests or Inquiries,"Upon receiving a privacy right request, privacy inquiry, or privacy incident report, Optimized Payments provides confirmation of receipt and responds to the request, inquiry, or report within the timeframes established by regulatory requirements."
DCF-541,Procedures for Management of Data Subject Rights,Optimized Payments has defined and documented policies and procedures for handling and responding to requests from data subjects to exercise their data subject rights.
DCF-543,Communication of Changes in Subprocessors,Optimized Payments notifies customers of any intended changes (including additions and replacements) in subprocessors that process PII so that customers have an opportunity to object to such changes.
DCF-549,Identity Verification for Data Subject Requests ,"Optimized Payments has established, documented, and implemented a method for verifying that the person making a privacy right request is the data subject or an authorized agent. If Optimized Payments cannot confirm the identity or authorization of the requestor, Optimized Payments notifies the requestor, denies the request, and retains supporting documentation."
DCF-557,Shared Account Management,"Group, shared, or generic account usage is prevented unless strictly necessary and supported by documented business justification and management approval. Mechanisms are in place to confirm individual user identity before access to the account is granted and to trace every action to an individual user."
DCF-558,Restrictions on Software Installation and Execution,"Optimized Payments has identified allowed software programs in the organization and implemented mechanisms to restrict and monitor the installation and execution of unauthorized software (e.g., through procedural methods or automated mechanisms such as corporate app stores and deny-all, allow-by-exception rules). The list of allowed software is reviewed and updated periodically as determined by the organization."
DCF-562,Management of Utility Programs,"Access to manage utility programs (including anti-virus consoles and diagnostic, patching, backup, or network tools, or any other utility can be capable of overriding system and application controls) is restricted to authorized system administrators. Standard users cannot disable privileged utilities or modify their configurations."
DCF-566,Management of Nonconformities,"When a nonconformity is identified, Optimized Payments performs a root-cause analysis and implements corrective actions to address the nonconformity. Optimized Payments retains documentation of the analysis and subsequent actions taken and of the results of any corrective action."
DCF-567,Change Management Policy,"Optimized Payments has a documented a policy that describes the requirements for managing changes across the organization, including changes to infrastructure, systems, and applications."
DCF-569,Information Labeling,Optimized Payments has developed and implemented procedures for labeling of assets and information across the organization in accordance with the organization's information classification scheme.
DCF-570,Disciplinary Process,Optimized Payments has a defined disciplinary sanctions process to be enacted when a member of the workforce violates the company's policies or causes a security or privacy incident. Management retains documentation of instances when the disciplinary process was enacted.
DCF-571,Fire Detection and Suppression,Fire detection and suppression systems are installed in critical locations to protect people and assets in the event of a disaster. Maintenance is conducted periodically in accordance with manufacturer guidance.
DCF-572,Temperature Monitoring Systems,Server rooms and data centers are air conditioned to maintain appropriate atmospheric conditions. Systems are in place to monitor and control air temperature and humidity at appropriate levels. Maintenance is conducted periodically in accordance with manufacturer guidance.
DCF-573,Uninterruptible Power Supply,Uninterruptible power supply (UPS) systems units are in place to provide backup power in the event of an electrical failure in the data centers or server rooms. Maintenance is conducted periodically in accordance with manufacturer guidance.
DCF-574,Mobile Device Management Software,"A mobile device management (MDM) is installed in company-issued devices and bring-your-own devices used for company purposes to enforce security for assets off-premise (e.g., location tracking, remote locking and wiping, threat detection, restrictions on software installation, etc.)"
DCF-611,Obscured Authentication Feedback,"Optimized Payments has implemented mechanisms to obscure the feedback of authentication information, such as usernames/passwords, during the authentication process where technically feasible (e.g., in company-developed systems or applications, configurable third-party systems, etc.)."
DCF-619,Media Sanitization,"Optimized Payments sanitizes equipment and system media that contain sensitive prior to disposal, release for reuse, or release out of organizational control (e.g., removed from premises for off-site maintenance). Optimized Payments reviews, approves, tracks, documents, and verifies media sanitization and disposal actions in accordance with company policies and procedures."
DCF-637,Secure Development Process,"Optimized Payments has documented software development procedures that outline the company's processes for secure development. The documented processes include references to industry standards and/or best practices for secure development, security requirement considerations (for example, secure authentication and logging, etc.), and consideration for information security issues during each stage of the software development life cycle."
DCF-677,Software Update and Patch Management,Optimized Payments has implemented a software update management process where critical patches and application updates are installed for all authorized software within priority SLAs established in company policies.
DCF-678,Network Security Policy,"Optimized Payments has defined and documented a policy that outlines requirements for deployment, management and operation of network security controls at the company."
DCF-681,Phishing Simulations,Optimized Payments conducts periodic phishing simulations or social engineering tests as part of the company's security awareness initiatives.
DCF-682,Roles and Responsibilities for PCI DSS Compliance,"Roles and responsibilities for PCI DSS compliance activities and requirements are documented and assigned (e.g., through a responsibility assignment (RACI) matrix or other format), which are reviewed by management at least annually and signed-off by relevant personnel to evidence their acknowledgement and understanding of their responsibilities."
DCF-683,Password Expiration Periods for Customer User Access,"For customer user access where passwords/passphrases are used as the only authentication factor, credentials are required to be changed at least once every 90 days. Alternatively, technical measures are implemented to dynamically analyze the security posture of accounts, and real-time access to resources is automatically determined accordingly."
DCF-684,Redundancy of Processing,"Optimized Payments has implemented redundancy strategies for equipment, systems, and processes as deemed necessary per the business continuity plan(s) to meet availability requirements (e.g., redundancy in network components, production resources, supporting utilities, service providers, processing sites, etc.)"
DCF-685,Review of Security Awareness Program,The security awareness program is reviewed at least annually and updated as needed to address any new threats and vulnerabilities that may impact the security of the company's environment or the information provided to personnel about their role in protecting sensitive data.
DCF-686,"PCI Targeted Frequency 
Risk Analysis","Optimized Payments performs a targeted risk analysis at least annually to identify the necessary frequency for PCI DSS compliance activities that provide flexibility for how frequently they are performed. Documentation of the risk analysis is maintained and includes: identification of assets, threats, factors that contribute to likelihood and impact, and resulting analysis with justification for how frequently each requirement will be performed."
DCF-687,Email Protection Mechanisms,"Optimized Payments has implemented processes and automated mechanisms to maintain the integrity of email communications and detect or protect against phishing attacks and malicious emails (e.g., DMARC, SPF and DKIM to prevent spoofed or modified emails from valid domains, etc.)."
DCF-688,Return of Assets,"Optimized Payments tracks and documents the return of all electronic and physical assets upon termination as part of the offboarding process. Access mechanisms such as keys, access cards, MFA tokens, are disabled or collected by IT or HR personnel."
DCF-689,On-Call Team,Specific personnel are designated to be available on a 24/7 basis to respond to suspected or confirmed security incidents and operational issues through an on-call rotation schedule.
DCF-690,"PCI Targeted Customized Approach 
Risk Analysis","Optimized Payments performs a targeted risk analysis at least annually for each PCI DSS requirement that the entity meets with the customized approach. Documented evidence is retained to include each element specified in PCI DSS 4.0 Appendix D: Customized Approach (including, at a minimum, a controls matrix and risk analysis) and evidence of approval by senior management."
DCF-691,Marketing Express Consent,Optimized Payments obtains express consent from data subjects prior to using any PII processed under a contract for the purposes of marketing and advertising. Such consent is optional and not a condition for use of the service.
DCF-694,Use of Unencrypted Portable Storage,Optimized Payments limits the use of unencrypted physical media and portable devices to only when strictly necessary. Use of unencrypted physical media is documented to include business justification and approval.
DCF-698,Automated Mechanisms for Audit Log Reviews,"Optimized Payments has implemented automated mechanisms for audit record reduction that supports correlated audit log review and analysis, such as centralized log management systems, event log analyzers, security information and event management (SIEM) solutions, etc."
DCF-699,Authenticated Scanning for Internal Vulnerability Scans,All internal vulnerability scans are conducted via authenticated scanning using credentials with sufficient privileges to conduct a thorough scan. Credentials are managed securely in accordance with company policies and procedures. Optimized Payments maintains documentation of any systems that are unable to accept credentials for authenticated scanning.
DCF-700,Review of PCI Hardware and Software,"Optimized Payments reviews hardware and software technologies at least once every 12 months to confirm whether they continue to meet the organization's PCI DSS requirements. The review documentation includes a plan for remediating technologies that no longer meet the organization's security and PCI DSS requirements, up to and including replacement of the technology, as appropriate."
DCF-701,Review of PCI Requirements Upon Organizational Structure Changes,"Optimized Payments performs a formal internal review of the impact to PCI DSS scope and applicability of controls upon changes to the organizational structure, such as company mergers or acquisitions, changes in personnel with responsibility for security controls, etc., with results communicated to executive management in accordance with documented company policies and procedures."
DCF-702,PCI Scope Validation (Annual),"Optimized Payments performs a formal review of the documented PCI DSS scope at least once every 12 months and upon significant change to the environment to validate that all data flows, account data, system components, segmentation controls, and connections from third parties with access to the cardholder data environment are included in the scope of the compliance program. Results of the review including changes are documented and retained."
DCF-703,PCI Scope Validation for Service Providers (Semi-Annual),"Optimized Payments performs a formal review of the documented PCI DSS scope at least once every six months and upon significant change to the environment to validate that all data flows, account data, system components, segmentation controls, and connections from third parties with access to the cardholder data environment are included in the scope of the compliance program. Results of the review including changes are documented and retained."
DCF-704,PCI Compliance Training,"Optimized Payments provides PCI DSS or specialized information security training to all personnel with PCI DSS compliance responsibilities at least once every 12 months that focuses on specific security topics, skills, processes, or methodologies that must be followed for those individuals to perform their compliance responsibilities effectively."
DCF-705,PCI Scope Validation for Designated Entities (Quarterly),"Optimized Payments performs a formal review of the documented PCI DSS scope at least once every three months and upon significant change to the environment to validate that all data flows, account data, system components, segmentation controls, and connections from third parties with access to the cardholder data environment are included in the scope of the compliance program. Results of the review including changes are documented and retained."
DCF-706,Multi-Tenant Segregation Between Provider and Customer ,"For multitenant service providers, logical separation is implemented so that customers cannot access the provider's environment and the provider cannot access its customers' environments without authorization."
DCF-707,Credentials for System Accounts Not Hard-Coded,"Optimized Payments has implemented mechanisms to validate that authentication credentials for any application and system accounts are not hard coded in scripts, configuration/property files, or bespoke and custom source code."
DCF-708,Software and Third Party Libraries Inventory ,"An inventory of bespoke and custom software and third-party software components, such as a software bill of materials (SBOM), is maintained and kept up to date (e.g., through the use of software composition analysis tools or other mechanisms)."
DCF-709,IDS/IPS Addresses Covert Malware,"Intrusion-detection and/or intrusion-prevention mechanisms in place detect, alert on/prevent, and address covert malware communication channels such as DNS tunneling.  Alerts generated by these mechanisms are responded to by personnel, or by automated means that ensure that such communications are blocked."
DCF-710,Multi-Tenant Service Provider Supports Customer Pentest Requests,"Optimized Payments supports its customers' needs for technical penetration testing by either providing access to the customer for conducting the test or providing evidence that comparable technical testing has been undertaken, such as penetration test results, upon customer request."
DCF-711,Incident Procedures Support Customers Forensic Investigations,Optimized Payments has documented processes or mechanisms to support and/or facilitate a prompt forensic investigation of related servers in the event of a suspected or confirmed security incident for any customer.
DCF-712,Static Application Security Testing,"Optimized Payments uses static application security testing (SAST) or equivalent tool as part of the CI/CD pipeline to detect vulnerabilities in the codebase. When vulnerabilities are identified, corrections are implemented prior to release as appropriate based on the nature of the vulnerability."
DCF-713,Consoles in Sensitive Areas Locked,Console login screens for physical consoles within sensitive areas are locked to prevent unauthorized use.
DCF-714,Lifecycle Events for User IDs and Authentication Factors Authorized,"Changes to user IDs (addition, deletion, and modification), authentication factors, and other identifier objects are implemented only with documented management approval and in accordance with the privileges specified on the documented approval."
DCF-715,Live PANs Not Used Outside of CDE,Live primary account numbers (PAN) are not used in pre-production environments except where those environments are within the scope of the PCI compliance program and managed in accordance with all applicable PCI DSS requirements.
DCF-716,Application and System Accounts Authorized,Application and system accounts and related access privileges are provisioned based on documented authorization from management and limited to only the access needed for the operability of an application or system.
DCF-717,Unique Authentication Factors,"Optimized Payments assigns authentication factors such as physical or logical security tokens, smart cards, or certificates that are unique to each individual user and not shared among multiple users. Physical or technical controls, such as a PIN, biometric data, passwords, etc., are in place so that only the intended user can use that factor to gain access."
DCF-718,SSL and Early TLS Vulnerability Verification,"For any point-of-sale (POS) and point-of-interaction (POI) terminals in use at merchant or payment acceptance location that use SSL and/or early TLS, the entity verifies and retains evidence to show that devices are not susceptible to any known exploits for those protocols (e.g., through inspection of vendor documentation or system/network configuration details, etc.)"
DCF-719,SSL and Early TLS Secure Service Offering,Optimized Payments provides a secure service offering for customers with point-of-interaction (POI) terminals that use SSL and early TLS to upgrade their POIs to eliminate vulnerabilities associated with these legacy protocols.
DCF-720,Unauthorized Changes on Payment Pages  Detected,"A change- and tamper-detection mechanism is deployed to alert personnel to unauthorized modification, including indicators of compromise, changes, additions, and deletions, to the HTTP headers and the contents of payment pages as received by the consumer browser. The mechanism is configured to evaluate the received HTTP header and payment page at least once every seven days or periodically based on the entity's targeted risk analysis."
DCF-721,Payment Page Scripts Inventory and Verification,Optimized Payments maintains an inventory of all payment page scripts that are loaded and executed in the consumer's browser maintained with written business justification. Optimized Payments has implemented mechanisms to confirm that all payment page scripts authorized and to assure the integrity of each script.
DCF-722,Service Provider Responds to PCI DSS Information Requests from Customers,"Optimized Payments provides, upon customer request, information on PCI DSS compliance status and information about which PCI DSS requirements are the responsibility of Optimized Payments versus the customer, as well as any shared responsibilities."
DCF-723,Multi-Tenant Customers Log Availability,Optimized Payments provides audit log capability for each customer's environment that is active by default. Logs are available for review only by the owning customer and log data and availability is consistent with compliance requirements. The log locations are clearly communicated to the owning customer.
DCF-724,Incident Response Procedures When Cleartext PAN Detected,"Optimized Payments documented incident response procedures include processes to respond, analyze, and address situations in the event that cleartext PAN is detected where it is not expected."
DCF-725,MFA Configured to Prevent Misuse,"Where multi-factor authentication (MFA) is used, system configurations are in place to prevent replay attacks, require at least two different types of authentication factors, and restrict bypassing of requirements by any users, including administrative users, unless specifically documented, and authorized by management on an exception basis, for a limited time period."
DCF-726,Interactive Use of System and Application Accounts Managed,"Where system or application accounts can be used for interactive login, interactive use is prevented unless needed for an exceptional circumstance and of limited duration. Instances of interactive use are supported by documented business justification and explicit approval by management, and every action taken is attributable to an individual user."
DCF-727,Passwords for System and Application Accounts Changed Periodically,Optimized Payments changes passwords of any application and system accounts periodically (as defined by the entity's targeted risk analysis) and upon suspicion or confirmation of compromise. Passwords are configured with sufficient complexity to resist brute-force and guessing attacks and in accordance with company procedures.
DCF-728,Roles and Responsibilities for PCI DSS Compliance for Designated Entities,"Roles and responsibilities for PCI DSS compliance activities and requirements are documented and assigned to one or more individuals with sufficient authority, including responsibilities for managing PCI DSS business-as-usual activities, annual assessments, continuous validation of PCI DSS requirements, and business-impact analysis to determine potential PCI DSS impacts for strategic business decision."
DCF-729,Formal PCI DSS Compliance Program in Place,"%S has implemented a formal PCI DSS compliance that includes: definition of activities for maintaining and monitoring overall compliance including business-as-usual activities, annual PCI DSS assessment processes, processes for the continuous validation of PCI DSS requirement, and a process for performing business-impact analysis to determine potential PCI DSS impacts for strategic business decisions."
DCF-730,Security Controls on Devices that Connect to the Internet,"Security controls, such as local firewalls, endpoint protection software, etc., are installed on computing devices, including company- and employee-owned devices, that connect to both untrusted networks (including the Internet) and the environment to prevent the introduction of threats."
DCF-731,Documented PAN Discovery Methodology,Optimized Payments has documented a data discovery methodology to identify all cleartext PAN existing in the environment through automated or manual mechanisms. The data discovery efforts are conducted at least once every three months and upon significant changes to the CDE or processes and the results are documented.
DCF-732,Review of Cryptographic Suites and Protocols,"Optimized Payments maintains a documented inventory of all cryptographic cipher suites and protocols in use, including purpose and where used. The inventory is reviewed at least once every 12 months including monitoring of industry trends regarding continued viability of all cryptographic cipher suites and protocols in use. Where appropriate, Optimized Payments documents a strategy to respond to anticipated changes in cryptographic vulnerabilities for suites and protocols in use."
DCF-733,Review of Business as Usual Activity,Reviews are performed at least once every three months by personnel assigned to the PCI DSS compliance program to verify that all business as usual (BAU) activities are being performed and that personnel are following security policies and operational procedures. Results are documented and signed-off by personnel assigned responsibility for the PCI DSS compliance program and records are retained for at least 12 months.
DCF-734,Incident Response Procedures for Cleartext PAN Removal,"Optimized Payments documented incident response procedures include processes to be initiated upon detection of attempts to remove cleartext PAN from the CDE via an unauthorized channel, method, or process, including investigation of alerts by responsible personnel and procedures for remediating data leaks or process gaps to prevent prevent any data loss."
DCF-735,Migration Plan in Place for SSL and Early TLS POS POI,"For any existing connection points to POS POI terminals that use SSL and/or early TLS, Optimized Payments has a documented risk mitigation and migration plan in place."
DCF-736,PAN Discovery Mechanisms Assessed,Optimized Payments has a documented process to test the effectiveness of the methods used for data discovery to identify cleartext PAN in the environment. Optimized Payments executes the process at least once every 12 months to confirm the completeness and accuracy of account data detection.
DCF-737,Protected Storage of Secret and Private Keys for Account Data,Secret and private keys used to encrypt/decrypt stored account data are stored in within a secure cryptographic device (SCD) as at least two full-length key components or key shares in accordance with an industry-accepted method.
DCF-738,Keyed Cryptographic Hashes of PAN,"Where hashes are used to render PAN unreadable, hashing methods results in keyed cryptographic hashes of the entire PAN which are managed in accordance with company's key management processes and procedures."
DCF-739,PCI DSS Scope Impact Assessment,"Optimized Payments conducts a PCI DSS scope impact assessment for any changes to systems or networks, including additions of new systems and new network connections. The assessment includes identifying applicable PCI DSS requirements to the system or network, updating PCI DSS scope as appropriate, and documenting sign-offs of the results of the impact assessment by responsible personnel."
DCF-740,PCI DSS Compliance Policy,Optimized Payments has a documented policy that outlines company requirements and activities to be implemented to support PCI DSS compliance.
DCF-741,Logging and Monitoring Policy,Optimized Payments has a documented policy that outlines requirements for audit logging and monitoring of system activity at the company.
DCF-744,Contact with Authorities,"Optimized Payments has identified and documented authorities to be contacted (such as law enforcement, regulatory bodies, supervisory authorities) as well as the events or circumstances that would require communication. Optimized Payments has also documented the methods and responsibilities for communication with authorities."
DCF-745,Segregation of Duties,"Management has identified conflicting duties and areas of responsibility in the organization and implemented strategies to achieve segregation of duties (e.g., access control, assigning responsibilities to different individuals, etc.). Where segregation of duties is not possible, management has identified and implemented mitigating controls to reduce the risk of fraud."
DCF-746,Privacy Training,Optimized Payments has established training programs to help personnel understand their obligations and responsibilities for the protection of personally identifiable information (PII) and associated regulatory requirements. Personnel (including employees and contractors as applicable) are required to complete the training during onboarding and annually thereafter.
DCF-747,Secure Log-on for Customers,"Optimized Payments provides customers with the capabilities for secure log-on procedures for any user accounts under the customers' control (e.g., single sign-on, multi-factor authentication, masking of passwords, minimal information disclosures in error messages, etc.)"
DCF-748,Segmentation of Networks,Optimized Payments uses network segmentation and/or other techniques to isolate portions of the environment and to control traffic between them based on security and business needs.
DCF-749,Leak Detection System,Critical facilities are equipped with a leak detection system to detect water in the event of a flood or leakage.
DCF-753,Mechanisms to Object to PII Processing,"Optimized Payments provides customers with a mechanism for data subjects to object to the processing of their PII (e.g. objections relating to the processing of PII for direct marketing purposes, etc.)."
DCF-754,Right to Access,"Optimized Payments has documented and implemented procedures and mechanisms to locate, retrieve, and provide a copy of the PII that is collected and/or processed when requested by the data subject, or to notify them if the PII has been deleted or de-identified."
DCF-756,Dual Opt-In for Consent to Sell PII,"Optimized Payments provides a dual opt-in mechanism for consent to sell or share personal information whereby the data subject first requests to opt-in and then, separately confirms their choice to opt-in."
DCF-757,User and System Guides,"Optimized Payments provides user guides, help articles, system documentation or other mechanisms to users to share information about the design and operation of the system and its boundaries. The information provided includes functional and nonfunctional requirements related to system processing and information specifications required to support the use of the system."
DCF-760,Control of Audit Activities,"Audit requirements and activities involving verification of operational systems are planned and agreed-upon by management to minimize disruptions to business processes and security risks (considering scope, access requirements, availability impact, etc.)."
DCF-762,Managing Changes to Supplier Services,"Changes to the provision of services by vendors, including expansions of services and supplier changes, require review and due diligence activities and are authorized by management. Documentation of the due diligence activities and authorization is retained."
DCF-763,Requirements for Protection of Intellectual Property Rights,"Optimized Payments's policies, procedures, and agreements include requirements for protection of intellectual of property rights and use of proprietary software products."
DCF-765,Limit Collection of PII,"Where any optionality in the collection and processing of PII exists, Optimized Payments has disabled that option by default and only enabled by explicit choice of the data subject."
DCF-770,Consulting with Customer Prior to PII Disclosures,"When a data subject has authorized an agent to submit a privacy right request, Optimized Payments confirms directly with the data subject that they provided the authorized agent permission to submit the request prior to fulfilling the request and retains supporting documentation."
DCF-774,Data Processing Monitoring,"Application/data processing for Optimized Payments's system is logged and monitored to ensure processing is done completely and accurately. Errors in application/data processing are documented, investigated, escalated and corrected in accordance with policies and procedures."
DCF-775,Cloud Deletion Protection,Optimized Payments has enabled deletion protection for cloud resources to prevent irreversible data loss or downtime resulting from accidental or malicious actions.
DCF-776,Principle of Least Privilege,Optimized Payments assigns permissions through groups or roles based on the principle of least privilege and limits the use of wild-card permissions or broad-access patterns.
DCF-777,Cloud Resource Tagging,"Optimized Payments uses tags to assign metadata to cloud resources to facilitate identification, inventory, and classification of virtual assets."
DCF-778,Fraud Risk Assessment,"Optimized Payments performs an evaluation of fraud risks at least annually, either as a separate evaluation or as part of the overall enterprise risk assessment. The evaluation of fraud risk is performed in accordance with the company's risk assessment methodology."
DCF-779,Cryptographic Key Rotation,Optimized Payments has implemented processes to change cryptographic keys periodically based on a defined schedule.
DCF-780,Web Filtering,"Optimized Payments has implemented web filtering mechanisms to enforce the company's internet usage policies (e.g, block access to known malicious sites, prevent access to prohibited web resources, etc.)"
DCF-781,Secure Login Procedures,"Optimized Payments has implemented secure login procedures for in-house developed systems to deter enumeration or brute-force attacks (e.g., displaying limited information in login error messages without indicating which data is correct or incorrect, etc.)"
DCF-782,Cloud Storage Lifecycle,Optimized Payments has configured lifecycle rules for cloud storage to delete data automatically after expiration of their retention periods.
DCF-783,Credentials Rotation,"Optimized Payments has implemented processes to change credentials (secrets, access keys, API keys, etc.) periodically based on a defined schedule."
DCF-784,Software Composition Analysis (SCA),"Optimized Payments checks software components and libraries for policy and license compliance, security risks, and supported versions (e.g. using software composition analysis (SCA) tools in development pipeline, etc.). If vulnerabilities in these software components or libraries are identified, fixes are implemented in accordance with the company's vulnerability management policies."
DCF-785,Supported System Components,"Optimized Payments maintains secure and supported configuration standards and versions for system components and replaces those components when support is no longer available from the developer, vendor, or manufacturer. Where unsupported components cannot be replaced, Optimized Payments identifies and documents risk mitigation strategies."
DCF-786,Defined Company Objectives,"Management has defined company objectives, including mission and vision statements, operational objectives at the entity and functional levels, financial performance goals, and other objectives as appropriate, to serve as the basis for risk assessment activities (e.g., objectives related to security, compliance, risk mitigation, etc.). Management communicates its objectives and any changes to those objectives to personnel."
DCF-789,Expectations of Interested Parties,"Optimized Payments has identified and documented the interested parties, their requirements and expectations of the organization (e.g., security and privacy expectations of customers, compliance expectations of regulators, business expectations of partners, performance and risks expectations of directors and investors, etc.), and how these requirements and expectations will be addressed."
